ProductKey,EnglishProductName,StandardCost,FinishedGoodsFlag,Color,ListPrice,Size,ProductLine,DealerPrice,Class,Style,ModelName,StartDate,EndDate,Status,Subcategory
397,LL Mountain Handlebars,17.978,TRUE,NA,40.4909,NA,M,24.2945,L,NA,LL Mountain Handlebars,2002-07-01T00:00:00Z,2003-06-30T00:00:00Z,NA,Handlebars
398,LL Mountain Handlebars,19.7758,TRUE,NA,44.54,NA,M,26.724,L,NA,LL Mountain Handlebars,2003-07-01T00:00:00Z,NA,Current,Handlebars
399,ML Mountain Handlebars,24.9932,TRUE,NA,56.2909,NA,M,33.7745,M,NA,ML Mountain Handlebars,2002-07-01T00:00:00Z,2003-06-30T00:00:00Z,NA,Handlebars
400,ML Mountain Handlebars,27.4925,TRUE,NA,61.92,NA,M,37.152,M,NA,ML Mountain Handlebars,2003-07-01T00:00:00Z,NA,Current,Handlebars
401,HL Mountain Handlebars,48.5453,TRUE,NA,109.3364,NA,M,65.6018,H,NA,HL Mountain Handlebars,2002-07-01T00:00:00Z,2003-06-30T00:00:00Z,NA,Handlebars
402,HL Mountain Handlebars,53.3999,TRUE,NA,120.27,NA,M,72.162,H,NA,HL Mountain Handlebars,2003-07-01T00:00:00Z,NA,Current,Handlebars
403,LL Road Handlebars,17.978,TRUE,NA,40.4909,NA,R,24.2945,L,NA,LL Road Handlebars,2002-07-01T00:00:00Z,2003-06-30T00:00:00Z,NA,Handlebars
404,LL Road Handlebars,19.7758,TRUE,NA,44.54,NA,R,26.724,L,NA,LL Road Handlebars,2003-07-01T00:00:00Z,NA,Current,Handlebars
405,ML Road Handlebars,24.9932,TRUE,NA,56.2909,NA,R,33.7745,M,NA,ML Road Handlebars,2002-07-01T00:00:00Z,2003-06-30T00:00:00Z,NA,Handlebars
406,ML Road Handlebars,27.4925,TRUE,NA,61.92,NA,R,37.152,M,NA,ML Road Handlebars,2003-07-01T00:00:00Z,NA,Current,Handlebars
407,HL Road Handlebars,48.5453,TRUE,NA,109.3364,NA,R,65.6018,H,NA,HL Road Handlebars,2002-07-01T00:00:00Z,2003-06-30T00:00:00Z,NA,Handlebars
408,HL Road Handlebars,53.3999,TRUE,NA,120.27,NA,R,72.162,H,NA,HL Road Handlebars,2003-07-01T00:00:00Z,NA,Current,Handlebars
553,LL Touring Handlebars,20.464,TRUE,NA,46.09,NA,T,27.654,L,NA,LL Touring Handlebars,2003-07-01T00:00:00Z,NA,Current,Handlebars
554,HL Touring Handlebars,40.6571,TRUE,NA,91.57,NA,T,54.942,H,NA,HL Touring Handlebars,2003-07-01T00:00:00Z,NA,Current,Handlebars
559,Chain,8.9866,TRUE,Silver,20.24,NA,NA,12.144,NA,NA,Chain,2003-07-01T00:00:00Z,NA,Current,Chains
391,LL Fork,65.8097,TRUE,NA,148.22,NA,NA,88.932,L,NA,LL Fork,2002-07-01T00:00:00Z,2003-06-30T00:00:00Z,NA,Forks
392,ML Fork,77.9176,TRUE,NA,175.49,NA,NA,105.294,M,NA,ML Fork,2002-07-01T00:00:00Z,2003-06-30T00:00:00Z,NA,Forks
393,HL Fork,101.8936,TRUE,NA,229.49,NA,NA,137.694,H,NA,HL Fork,2002-07-01T00:00:00Z,2003-06-30T00:00:00Z,NA,Forks
394,LL Headset,15.1848,TRUE,NA,34.2,NA,NA,20.52,L,NA,LL Headset,2002-07-01T00:00:00Z,2003-06-30T00:00:00Z,NA,Headsets
395,ML Headset,45.4168,TRUE,NA,102.29,NA,NA,61.374,M,NA,ML Headset,2002-07-01T00:00:00Z,2003-06-30T00:00:00Z,NA,Headsets
396,HL Headset,55.3801,TRUE,NA,124.73,NA,NA,74.838,H,NA,HL Headset,2002-07-01T00:00:00Z,2003-06-30T00:00:00Z,NA,Headsets
548,Touring Pedal,35.9596,TRUE,Silver/Black,80.99,NA,T,48.594,NA,NA,Touring Pedal,2003-07-01T00:00:00Z,NA,Current,Pedals
515,LL Mountain Seat/Saddle,12.0413,TRUE,NA,27.12,NA,M,16.272,L,NA,LL Mountain Seat/Saddle 2,2003-07-01T00:00:00Z,NA,Current,Saddles
516,ML Mountain Seat/Saddle,17.3782,TRUE,NA,39.14,NA,M,23.484,M,NA,ML Mountain Seat/Saddle 2,2003-07-01T00:00:00Z,NA,Current,Saddles
517,HL Mountain Seat/Saddle,23.3722,TRUE,NA,52.64,NA,M,31.584,H,NA,HL Mountain Seat/Saddle 2,2003-07-01T00:00:00Z,NA,Current,Saddles
518,LL Road Seat/Saddle,12.0413,TRUE,NA,27.12,NA,R,16.272,L,NA,LL Road Seat/Saddle 1,2003-07-01T00:00:00Z,NA,Current,Saddles
519,ML Road Seat/Saddle,17.3782,TRUE,NA,39.14,NA,T,23.484,M,NA,ML Road Seat/Saddle 2,2003-07-01T00:00:00Z,NA,Current,Saddles
520,HL Road Seat/Saddle,23.3722,TRUE,NA,52.64,NA,R,31.584,H,NA,HL Road Seat/Saddle 2,2003-07-01T00:00:00Z,NA,Current,Saddles
521,LL Touring Seat/Saddle,12.0413,TRUE,NA,27.12,NA,T,16.272,L,NA,LL Touring Seat/Saddle,2003-07-01T00:00:00Z,NA,Current,Saddles
522,ML Touring Seat/Saddle,17.3782,TRUE,NA,39.14,NA,T,23.484,M,NA,ML Touring Seat/Saddle,2003-07-01T00:00:00Z,NA,Current,Saddles
523,HL Touring Seat/Saddle,23.3722,TRUE,NA,52.64,NA,T,31.584,H,NA,HL Touring Seat/Saddle,2003-07-01T00:00:00Z,NA,Current,Saddles
410,LL Mountain Front Wheel,26.9708,TRUE,Black,60.745,NA,M,36.447,L,NA,LL Mountain Front Wheel,2002-07-01T00:00:00Z,2003-06-30T00:00:00Z,NA,Wheels
411,ML Mountain Front Wheel,92.8071,TRUE,Black,209.025,NA,M,125.415,M,NA,ML Mountain Front Wheel,2002-07-01T00:00:00Z,2003-06-30T00:00:00Z,NA,Wheels
412,HL Mountain Front Wheel,133.2955,TRUE,Black,300.215,NA,M,180.129,H,NA,HL Mountain Front Wheel,2002-07-01T00:00:00Z,2003-06-30T00:00:00Z,NA,Wheels
416,Touring Front Wheel,96.7964,TRUE,Black,218.01,NA,T,130.806,NA,NA,Touring Front Wheel,2002-07-01T00:00:00Z,2003-06-30T00:00:00Z,NA,Wheels
419,LL Mountain Rear Wheel,38.9588,TRUE,Black,87.745,NA,M,52.647,L,NA,LL Mountain Rear Wheel,2002-07-01T00:00:00Z,2003-06-30T00:00:00Z,NA,Wheels
420,ML Mountain Rear Wheel,104.7951,TRUE,Black,236.025,NA,M,141.615,M,NA,ML Mountain Rear Wheel,2002-07-01T00:00:00Z,2003-06-30T00:00:00Z,NA,Wheels
421,HL Mountain Rear Wheel,145.2835,TRUE,Black,327.215,NA,M,196.329,H,NA,HL Mountain Rear Wheel,2002-07-01T00:00:00Z,2003-06-30T00:00:00Z,NA,Wheels
425,Touring Rear Wheel,108.7844,TRUE,Black,245.01,NA,T,147.006,NA,NA,Touring Rear Wheel,2002-07-01T00:00:00Z,2003-06-30T00:00:00Z,NA,Wheels
483,Hitch Rack - 4-Bike,44.88,TRUE,NA,120,NA,S,72,NA,NA,Hitch Rack - 4-Bike,2003-07-01T00:00:00Z,NA,Current,Bike Racks
486,All-Purpose Bike Stand,59.466,TRUE,NA,159,NA,M,95.4,NA,NA,All-Purpose Bike Stand,2003-07-01T00:00:00Z,NA,Current,Bike Stands
477,Water Bottle - 30 oz.,1.8663,TRUE,NA,4.99,NA,S,2.994,NA,NA,Water Bottle,2003-07-01T00:00:00Z,NA,Current,Bottles and Cages
478,Mountain Bottle Cage,3.7363,TRUE,NA,9.99,NA,M,5.994,NA,NA,Mountain Bottle Cage,2003-07-01T00:00:00Z,NA,Current,Bottles and Cages
479,Road Bottle Cage,3.3623,TRUE,NA,8.99,NA,R,5.394,NA,NA,Road Bottle Cage,2003-07-01T00:00:00Z,NA,Current,Bottles and Cages
484,Bike Wash - Dissolver,2.9733,TRUE,NA,7.95,NA,S,4.77,NA,NA,Bike Wash,2003-07-01T00:00:00Z,NA,Current,Cleaners
485,Fender Set - Mountain,8.2205,TRUE,NA,21.98,NA,M,13.188,NA,NA,Fender Set - Mountain,2003-07-01T00:00:00Z,NA,Current,Fenders
212,"Sport-100 Helmet, Red",12.0278,TRUE,Red,33.6442,NA,S,20.1865,NA,NA,Sport-100,2001-07-01T00:00:00Z,2002-06-30T00:00:00Z,NA,Helmets
213,"Sport-100 Helmet, Red",13.8782,TRUE,Red,33.6442,NA,S,20.1865,NA,NA,Sport-100,2002-07-01T00:00:00Z,2003-06-30T00:00:00Z,NA,Helmets
214,"Sport-100 Helmet, Red",13.0863,TRUE,Red,34.99,NA,S,20.994,NA,NA,Sport-100,2003-07-01T00:00:00Z,NA,Current,Helmets
215,"Sport-100 Helmet, Black",12.0278,TRUE,Black,33.6442,NA,S,20.1865,NA,NA,Sport-100,2001-07-01T00:00:00Z,2002-06-30T00:00:00Z,NA,Helmets
216,"Sport-100 Helmet, Black",13.8782,TRUE,Black,33.6442,NA,S,20.1865,NA,NA,Sport-100,2002-07-01T00:00:00Z,2003-06-30T00:00:00Z,NA,Helmets
217,"Sport-100 Helmet, Black",13.0863,TRUE,Black,34.99,NA,S,20.994,NA,NA,Sport-100,2003-07-01T00:00:00Z,NA,Current,Helmets
220,"Sport-100 Helmet, Blue",12.0278,TRUE,Blue,33.6442,NA,S,20.1865,NA,NA,Sport-100,2001-07-01T00:00:00Z,2002-06-30T00:00:00Z,NA,Helmets
221,"Sport-100 Helmet, Blue",13.8782,TRUE,Blue,33.6442,NA,S,20.1865,NA,NA,Sport-100,2002-07-01T00:00:00Z,2003-06-30T00:00:00Z,NA,Helmets
222,"Sport-100 Helmet, Blue",13.0863,TRUE,Blue,34.99,NA,S,20.994,NA,NA,Sport-100,2003-07-01T00:00:00Z,NA,Current,Helmets
450,Taillights - Battery-Powered,5.7709,TRUE,NA,13.99,NA,R,8.394,NA,NA,Taillight,2002-07-01T00:00:00Z,2003-06-30T00:00:00Z,NA,Lights
451,Headlights - Dual-Beam,14.4334,TRUE,NA,34.99,NA,R,20.994,NA,NA,Headlights - Dual-Beam,2002-07-01T00:00:00Z,2003-06-30T00:00:00Z,NA,Lights
452,Headlights - Weatherproof,18.5584,TRUE,NA,44.99,NA,R,26.994,NA,NA,Headlights - Weatherproof,2002-07-01T00:00:00Z,2003-06-30T00:00:00Z,NA,Lights
447,Cable Lock,10.3125,TRUE,NA,25,NA,S,15,NA,NA,Cable Lock,2002-07-01T00:00:00Z,2003-06-30T00:00:00Z,NA,Locks
446,"Touring-Panniers, Large",51.5625,TRUE,Grey,125,NA,T,75,NA,NA,Touring-Panniers,2002-07-01T00:00:00Z,2003-06-30T00:00:00Z,NA,Panniers
448,Minipump,8.2459,TRUE,NA,19.99,NA,S,11.994,NA,NA,Minipump,2002-07-01T00:00:00Z,2003-06-30T00:00:00Z,NA,Pumps
449,Mountain Pump,10.3084,TRUE,NA,24.99,NA,M,14.994,NA,NA,Mountain Pump,2002-07-01T00:00:00Z,2003-06-30T00:00:00Z,NA,Pumps
480,Patch Kit/8 Patches,0.8565,TRUE,NA,2.29,NA,S,1.374,NA,NA,Patch kit,2003-07-01T00:00:00Z,NA,Current,Tires and Tubes
528,Mountain Tire Tube,1.8663,TRUE,NA,4.99,NA,M,2.994,NA,NA,Mountain Tire Tube,2003-07-01T00:00:00Z,NA,Current,Tires and Tubes
529,Road Tire Tube,1.4923,TRUE,NA,3.99,NA,R,2.394,NA,NA,Road Tire Tube,2003-07-01T00:00:00Z,NA,Current,Tires and Tubes
530,Touring Tire Tube,1.8663,TRUE,NA,4.99,NA,T,2.994,NA,NA,Touring Tire Tube,2003-07-01T00:00:00Z,NA,Current,Tires and Tubes
535,LL Mountain Tire,9.3463,TRUE,NA,24.99,NA,M,14.994,L,NA,LL Mountain Tire,2003-07-01T00:00:00Z,NA,Current,Tires and Tubes
536,ML Mountain Tire,11.2163,TRUE,NA,29.99,NA,M,17.994,M,NA,ML Mountain Tire,2003-07-01T00:00:00Z,NA,Current,Tires and Tubes
537,HL Mountain Tire,13.09,TRUE,NA,35,NA,M,21,H,NA,HL Mountain Tire,2003-07-01T00:00:00Z,NA,Current,Tires and Tubes
538,LL Road Tire,8.0373,TRUE,NA,21.49,NA,R,12.894,L,NA,LL Road Tire,2003-07-01T00:00:00Z,NA,Current,Tires and Tubes
539,ML Road Tire,9.3463,TRUE,NA,24.99,NA,R,14.994,M,NA,ML Road Tire,2003-07-01T00:00:00Z,NA,Current,Tires and Tubes
540,HL Road Tire,12.1924,TRUE,NA,32.6,NA,R,19.56,H,NA,HL Road Tire,2003-07-01T00:00:00Z,NA,Current,Tires and Tubes
541,Touring Tire,10.8423,TRUE,NA,28.99,NA,T,17.394,NA,NA,Touring Tire,2003-07-01T00:00:00Z,NA,Current,Tires and Tubes
223,AWC Logo Cap,5.7052,TRUE,Multi,8.6442,NA,S,5.1865,NA,U,Cycling Cap,2001-07-01T00:00:00Z,2002-06-30T00:00:00Z,NA,Caps
224,AWC Logo Cap,5.2297,TRUE,Multi,8.6442,NA,S,5.1865,NA,U,Cycling Cap,2002-07-01T00:00:00Z,2003-06-30T00:00:00Z,NA,Caps
225,AWC Logo Cap,6.9223,TRUE,Multi,8.99,NA,S,5.394,NA,U,Cycling Cap,2003-07-01T00:00:00Z,NA,Current,Caps
459,"Men's Bib-Shorts, S",37.1209,TRUE,Multi,89.99,S,S,53.994,NA,M,Men's Bib-Shorts,2002-07-01T00:00:00Z,2003-06-30T00:00:00Z,NA,Bib-Shorts
460,"Men's Bib-Shorts, M",37.1209,TRUE,Multi,89.99,M,S,53.994,NA,M,Men's Bib-Shorts,2002-07-01T00:00:00Z,2003-06-30T00:00:00Z,NA,Bib-Shorts
461,"Men's Bib-Shorts, L",37.1209,TRUE,Multi,89.99,L,S,53.994,NA,M,Men's Bib-Shorts,2002-07-01T00:00:00Z,2003-06-30T00:00:00Z,NA,Bib-Shorts
462,"Half-Finger Gloves, S",9.7136,TRUE,Black,23.5481,S,S,14.1289,NA,U,Half-Finger Gloves,2002-07-01T00:00:00Z,2003-06-30T00:00:00Z,NA,Gloves
463,"Half-Finger Gloves, S",9.1593,TRUE,Black,24.49,S,S,14.694,NA,U,Half-Finger Gloves,2003-07-01T00:00:00Z,NA,Current,Gloves
464,"Half-Finger Gloves, M",9.7136,TRUE,Black,23.5481,M,S,14.1289,NA,U,Half-Finger Gloves,2002-07-01T00:00:00Z,2003-06-30T00:00:00Z,NA,Gloves
465,"Half-Finger Gloves, M",9.1593,TRUE,Black,24.49,M,S,14.694,NA,U,Half-Finger Gloves,2003-07-01T00:00:00Z,NA,Current,Gloves
466,"Half-Finger Gloves, L",9.7136,TRUE,Black,23.5481,L,S,14.1289,NA,U,Half-Finger Gloves,2002-07-01T00:00:00Z,2003-06-30T00:00:00Z,NA,Gloves
467,"Half-Finger Gloves, L",9.1593,TRUE,Black,24.49,L,S,14.694,NA,U,Half-Finger Gloves,2003-07-01T00:00:00Z,NA,Current,Gloves
468,"Full-Finger Gloves, S",15.6709,TRUE,Black,37.99,S,M,22.794,NA,U,Full-Finger Gloves,2002-07-01T00:00:00Z,2003-06-30T00:00:00Z,NA,Gloves
469,"Full-Finger Gloves, M",15.6709,TRUE,Black,37.99,M,M,22.794,NA,U,Full-Finger Gloves,2002-07-01T00:00:00Z,2003-06-30T00:00:00Z,NA,Gloves
470,"Full-Finger Gloves, L",15.6709,TRUE,Black,37.99,L,M,22.794,NA,U,Full-Finger Gloves,2002-07-01T00:00:00Z,2003-06-30T00:00:00Z,NA,Gloves
226,"Long-Sleeve Logo Jersey, S",31.7244,TRUE,Multi,48.0673,S,S,28.8404,NA,U,Long-Sleeve Logo Jersey,2001-07-01T00:00:00Z,2002-06-30T00:00:00Z,NA,Jerseys
227,"Long-Sleeve Logo Jersey, S",29.0807,TRUE,Multi,48.0673,S,S,28.8404,NA,U,Long-Sleeve Logo Jersey,2002-07-01T00:00:00Z,2003-06-30T00:00:00Z,NA,Jerseys
228,"Long-Sleeve Logo Jersey, S",38.4923,TRUE,Multi,49.99,S,S,29.994,NA,U,Long-Sleeve Logo Jersey,2003-07-01T00:00:00Z,NA,Current,Jerseys
229,"Long-Sleeve Logo Jersey, M",31.7244,TRUE,Multi,48.0673,M,S,28.8404,NA,U,Long-Sleeve Logo Jersey,2001-07-01T00:00:00Z,2002-06-30T00:00:00Z,NA,Jerseys
230,"Long-Sleeve Logo Jersey, M",29.0807,TRUE,Multi,48.0673,M,S,28.8404,NA,U,Long-Sleeve Logo Jersey,2002-07-01T00:00:00Z,2003-06-30T00:00:00Z,NA,Jerseys
231,"Long-Sleeve Logo Jersey, M",38.4923,TRUE,Multi,49.99,M,S,29.994,NA,U,Long-Sleeve Logo Jersey,2003-07-01T00:00:00Z,NA,Current,Jerseys
232,"Long-Sleeve Logo Jersey, L",31.7244,TRUE,Multi,48.0673,L,S,28.8404,NA,U,Long-Sleeve Logo Jersey,2001-07-01T00:00:00Z,2002-06-30T00:00:00Z,NA,Jerseys
233,"Long-Sleeve Logo Jersey, L",29.0807,TRUE,Multi,48.0673,L,S,28.8404,NA,U,Long-Sleeve Logo Jersey,2002-07-01T00:00:00Z,2003-06-30T00:00:00Z,NA,Jerseys
234,"Long-Sleeve Logo Jersey, L",38.4923,TRUE,Multi,49.99,L,S,29.994,NA,U,Long-Sleeve Logo Jersey,2003-07-01T00:00:00Z,NA,Current,Jerseys
235,"Long-Sleeve Logo Jersey, XL",31.7244,TRUE,Multi,48.0673,XL,S,28.8404,NA,U,Long-Sleeve Logo Jersey,2001-07-01T00:00:00Z,2002-06-30T00:00:00Z,NA,Jerseys
236,"Long-Sleeve Logo Jersey, XL",29.0807,TRUE,Multi,48.0673,XL,S,28.8404,NA,U,Long-Sleeve Logo Jersey,2002-07-01T00:00:00Z,2003-06-30T00:00:00Z,NA,Jerseys
237,"Long-Sleeve Logo Jersey, XL",38.4923,TRUE,Multi,49.99,XL,S,29.994,NA,U,Long-Sleeve Logo Jersey,2003-07-01T00:00:00Z,NA,Current,Jerseys
488,"Short-Sleeve Classic Jersey, S",41.5723,TRUE,Yellow,53.99,S,S,32.394,NA,U,Short-Sleeve Classic Jersey,2003-07-01T00:00:00Z,NA,Current,Jerseys
489,"Short-Sleeve Classic Jersey, M",41.5723,TRUE,Yellow,53.99,M,S,32.394,NA,U,Short-Sleeve Classic Jersey,2003-07-01T00:00:00Z,NA,Current,Jerseys
490,"Short-Sleeve Classic Jersey, L",41.5723,TRUE,Yellow,53.99,L,S,32.394,NA,U,Short-Sleeve Classic Jersey,2003-07-01T00:00:00Z,NA,Current,Jerseys
491,"Short-Sleeve Classic Jersey, XL",41.5723,TRUE,Yellow,53.99,XL,S,32.394,NA,U,Short-Sleeve Classic Jersey,2003-07-01T00:00:00Z,NA,Current,Jerseys
445,"Men's Sports Shorts, S",24.7459,TRUE,Black,59.99,S,S,35.994,NA,M,Men's Sports Shorts,2002-07-01T00:00:00Z,2003-06-30T00:00:00Z,NA,Shorts
453,"Men's Sports Shorts, M",24.7459,TRUE,Black,59.99,M,S,35.994,NA,M,Men's Sports Shorts,2002-07-01T00:00:00Z,2003-06-30T00:00:00Z,NA,Shorts
454,"Men's Sports Shorts, L",24.7459,TRUE,Black,59.99,L,S,35.994,NA,M,Men's Sports Shorts,2002-07-01T00:00:00Z,2003-06-30T00:00:00Z,NA,Shorts
455,"Men's Sports Shorts, XL",24.7459,TRUE,Black,59.99,XL,S,35.994,NA,M,Men's Sports Shorts,2002-07-01T00:00:00Z,2003-06-30T00:00:00Z,NA,Shorts
474,"Women's Mountain Shorts, S",26.1763,TRUE,Black,69.99,S,M,41.994,NA,W,Women's Mountain Shorts,2003-07-01T00:00:00Z,NA,Current,Shorts
475,"Women's Mountain Shorts, M",26.1763,TRUE,Black,69.99,M,M,41.994,NA,W,Women's Mountain Shorts,2003-07-01T00:00:00Z,NA,Current,Shorts
476,"Women's Mountain Shorts, L",26.1763,TRUE,Black,69.99,L,M,41.994,NA,W,Women's Mountain Shorts,2003-07-01T00:00:00Z,NA,Current,Shorts
218,"Mountain Bike Socks, M",3.3963,TRUE,White,9.5,M,M,5.7,NA,U,Mountain Bike Socks,2001-07-01T00:00:00Z,2002-06-30T00:00:00Z,NA,Socks
219,"Mountain Bike Socks, L",3.3963,TRUE,White,9.5,L,M,5.7,NA,U,Mountain Bike Socks,2001-07-01T00:00:00Z,2002-06-30T00:00:00Z,NA,Socks
481,"Racing Socks, M",3.3623,TRUE,White,8.99,M,R,5.394,NA,U,Racing Socks,2003-07-01T00:00:00Z,NA,Current,Socks
482,"Racing Socks, L",3.3623,TRUE,White,8.99,L,R,5.394,NA,U,Racing Socks,2003-07-01T00:00:00Z,NA,Current,Socks
456,"Women's Tights, S",30.9334,TRUE,Black,74.99,S,S,44.994,NA,W,Women's Tights,2002-07-01T00:00:00Z,2003-06-30T00:00:00Z,NA,Tights
457,"Women's Tights, M",30.9334,TRUE,Black,74.99,M,S,44.994,NA,W,Women's Tights,2002-07-01T00:00:00Z,2003-06-30T00:00:00Z,NA,Tights
458,"Women's Tights, L",30.9334,TRUE,Black,74.99,L,S,44.994,NA,W,Women's Tights,2002-07-01T00:00:00Z,2003-06-30T00:00:00Z,NA,Tights
471,"Classic Vest, S",23.749,TRUE,Blue,63.5,S,S,38.1,NA,U,Classic Vest,2003-07-01T00:00:00Z,NA,Current,Vests
472,"Classic Vest, M",23.749,TRUE,Blue,63.5,M,S,38.1,NA,U,Classic Vest,2003-07-01T00:00:00Z,NA,Current,Vests
473,"Classic Vest, L",23.749,TRUE,Blue,63.5,L,S,38.1,NA,U,Classic Vest,2003-07-01T00:00:00Z,NA,Current,Vests
487,Hydration Pack - 70 oz.,20.5663,TRUE,Silver,54.99,70,S,32.994,NA,NA,Hydration Pack,2003-07-01T00:00:00Z,NA,Current,Hydration Packs
601,LL Bottom Bracket,23.9716,TRUE,NA,53.99,NA,NA,32.394,L,NA,LL Bottom Bracket,2003-07-01T00:00:00Z,NA,Current,Bottom Brackets
602,ML Bottom Bracket,44.9506,TRUE,NA,101.24,NA,NA,60.744,M,NA,ML Bottom Bracket,2003-07-01T00:00:00Z,NA,Current,Bottom Brackets
603,HL Bottom Bracket,53.9416,TRUE,NA,121.49,NA,NA,72.894,H,NA,HL Bottom Bracket,2003-07-01T00:00:00Z,NA,Current,Bottom Brackets
514,Rear Brakes,47.286,TRUE,Silver,106.5,NA,NA,63.9,NA,NA,Rear Brakes,2003-07-01T00:00:00Z,NA,Current,Brakes
555,Front Brakes,47.286,TRUE,Silver,106.5,NA,NA,63.9,NA,NA,Front Brakes,2003-07-01T00:00:00Z,NA,Current,Brakes
556,LL Crankset,77.9176,TRUE,Black,175.49,NA,NA,105.294,L,NA,LL Crankset,2003-07-01T00:00:00Z,NA,Current,Cranksets
557,ML Crankset,113.8816,TRUE,Black,256.49,NA,NA,153.894,M,NA,ML Crankset,2003-07-01T00:00:00Z,NA,Current,Cranksets
558,HL Crankset,179.8156,TRUE,Black,404.99,NA,NA,242.994,H,NA,HL Crankset,2003-07-01T00:00:00Z,NA,Current,Cranksets
501,Rear Derailleur,53.9282,TRUE,Silver,121.46,NA,NA,72.876,NA,NA,Rear Derailleur,2003-07-01T00:00:00Z,NA,Current,Derailleurs
552,Front Derailleur,40.6216,TRUE,Silver,91.49,NA,NA,54.894,NA,NA,Front Derailleur,2003-07-01T00:00:00Z,NA,Current,Derailleurs
542,LL Mountain Pedal,17.9776,TRUE,Silver/Black,40.49,NA,M,24.294,L,NA,LL Mountain Pedal,2003-07-01T00:00:00Z,NA,Current,Pedals
543,ML Mountain Pedal,27.568,TRUE,Silver/Black,62.09,NA,M,37.254,M,NA,ML Mountain Pedal,2003-07-01T00:00:00Z,NA,Current,Pedals
544,HL Mountain Pedal,35.9596,TRUE,Silver/Black,80.99,NA,M,48.594,H,NA,HL Mountain Pedal,2003-07-01T00:00:00Z,NA,Current,Pedals
545,LL Road Pedal,17.9776,TRUE,Silver/Black,40.49,NA,R,24.294,L,NA,LL Road Pedal,2003-07-01T00:00:00Z,NA,Current,Pedals
546,ML Road Pedal,27.568,TRUE,Silver/Black,62.09,NA,R,37.254,M,NA,ML Road Pedal,2003-07-01T00:00:00Z,NA,Current,Pedals
547,HL Road Pedal,35.9596,TRUE,Silver/Black,80.99,NA,R,48.594,H,NA,HL Road Pedal,2003-07-01T00:00:00Z,NA,Current,Pedals
413,LL Road Front Wheel,37.9909,TRUE,Black,85.565,NA,R,51.339,L,NA,LL Road Front Wheel,2002-07-01T00:00:00Z,2003-06-30T00:00:00Z,NA,Wheels
414,ML Road Front Wheel,110.2829,TRUE,Black,248.385,NA,R,149.031,M,NA,ML Road Front Wheel,2002-07-01T00:00:00Z,2003-06-30T00:00:00Z,NA,Wheels
415,HL Road Front Wheel,146.5466,TRUE,Black,330.06,NA,R,198.036,H,NA,HL Road Front Wheel,2002-07-01T00:00:00Z,2003-06-30T00:00:00Z,NA,Wheels
422,LL Road Rear Wheel,49.9789,TRUE,Black,112.565,NA,R,67.539,L,NA,LL Road Rear Wheel,2002-07-01T00:00:00Z,2003-06-30T00:00:00Z,NA,Wheels
423,ML Road Rear Wheel,122.2709,TRUE,Black,275.385,NA,R,165.231,M,NA,ML Road Rear Wheel,2002-07-01T00:00:00Z,2003-06-30T00:00:00Z,NA,Wheels
424,HL Road Rear Wheel,158.5346,TRUE,Black,357.06,NA,R,214.236,H,NA,HL Road Rear Wheel,2002-07-01T00:00:00Z,2003-06-30T00:00:00Z,NA,Wheels
587,"Mountain-400-W Silver, 38",419.7784,TRUE,Silver,769.49,38,M,461.694,M,W,Mountain-400-W,2003-07-01T00:00:00Z,NA,Current,Mountain Bikes
588,"Mountain-400-W Silver, 40",419.7784,TRUE,Silver,769.49,40,M,461.694,M,W,Mountain-400-W,2003-07-01T00:00:00Z,NA,Current,Mountain Bikes
589,"Mountain-400-W Silver, 42",419.7784,TRUE,Silver,769.49,42,M,461.694,M,W,Mountain-400-W,2003-07-01T00:00:00Z,NA,Current,Mountain Bikes
590,"Mountain-400-W Silver, 46",419.7784,TRUE,Silver,769.49,46,M,461.694,M,W,Mountain-400-W,2003-07-01T00:00:00Z,NA,Current,Mountain Bikes
381,"Road-550-W Yellow, 38",605.6492,TRUE,Yellow,1000.4375,38,R,600.2625,M,W,Road-550-W,2002-07-01T00:00:00Z,2003-06-30T00:00:00Z,NA,Road Bikes
382,"Road-550-W Yellow, 38",713.0798,TRUE,Yellow,1120.49,38,R,672.294,M,W,Road-550-W,2003-07-01T00:00:00Z,NA,Current,Road Bikes
383,"Road-550-W Yellow, 40",605.6492,TRUE,Yellow,1000.4375,40,R,600.2625,M,W,Road-550-W,2002-07-01T00:00:00Z,2003-06-30T00:00:00Z,NA,Road Bikes
384,"Road-550-W Yellow, 40",713.0798,TRUE,Yellow,1120.49,40,R,672.294,M,W,Road-550-W,2003-07-01T00:00:00Z,NA,Current,Road Bikes
385,"Road-550-W Yellow, 42",605.6492,TRUE,Yellow,1000.4375,42,R,600.2625,M,W,Road-550-W,2002-07-01T00:00:00Z,2003-06-30T00:00:00Z,NA,Road Bikes
386,"Road-550-W Yellow, 42",713.0798,TRUE,Yellow,1120.49,42,R,672.294,M,W,Road-550-W,2003-07-01T00:00:00Z,NA,Current,Road Bikes
387,"Road-550-W Yellow, 44",605.6492,TRUE,Yellow,1000.4375,44,R,600.2625,M,W,Road-550-W,2002-07-01T00:00:00Z,2003-06-30T00:00:00Z,NA,Road Bikes
388,"Road-550-W Yellow, 44",713.0798,TRUE,Yellow,1120.49,44,R,672.294,M,W,Road-550-W,2003-07-01T00:00:00Z,NA,Current,Road Bikes
389,"Road-550-W Yellow, 48",605.6492,TRUE,Yellow,1000.4375,48,R,600.2625,M,W,Road-550-W,2002-07-01T00:00:00Z,2003-06-30T00:00:00Z,NA,Road Bikes
390,"Road-550-W Yellow, 48",713.0798,TRUE,Yellow,1120.49,48,R,672.294,M,W,Road-550-W,2003-07-01T00:00:00Z,NA,Current,Road Bikes
580,"Road-350-W Yellow, 40",1082.51,TRUE,Yellow,1700.99,40,R,1020.594,M,W,Road-350-W,2003-07-01T00:00:00Z,NA,Current,Road Bikes
581,"Road-350-W Yellow, 42",1082.51,TRUE,Yellow,1700.99,42,R,1020.594,M,W,Road-350-W,2003-07-01T00:00:00Z,NA,Current,Road Bikes
582,"Road-350-W Yellow, 44",1082.51,TRUE,Yellow,1700.99,44,R,1020.594,M,W,Road-350-W,2003-07-01T00:00:00Z,NA,Current,Road Bikes
583,"Road-350-W Yellow, 48",1082.51,TRUE,Yellow,1700.99,48,R,1020.594,M,W,Road-350-W,2003-07-01T00:00:00Z,NA,Current,Road Bikes
511,"ML Mountain Frame-W - Silver, 40",199.3757,TRUE,Silver,364.09,40,M,218.454,M,W,ML Mountain Frame-W,2003-07-01T00:00:00Z,NA,Current,Mountain Frames
512,"ML Mountain Frame-W - Silver, 42",199.3757,TRUE,Silver,364.09,42,M,218.454,M,W,ML Mountain Frame-W,2003-07-01T00:00:00Z,NA,Current,Mountain Frames
513,"ML Mountain Frame-W - Silver, 46",199.3757,TRUE,Silver,364.09,46,M,218.454,M,W,ML Mountain Frame-W,2003-07-01T00:00:00Z,NA,Current,Mountain Frames
549,"ML Mountain Frame-W - Silver, 38",199.3757,TRUE,Silver,364.09,38,M,218.454,M,W,ML Mountain Frame-W,2003-07-01T00:00:00Z,NA,Current,Mountain Frames
417,"ML Road Frame-W - Yellow, 38",300.1188,TRUE,Yellow,540.7545,38,R,324.4527,M,W,ML Road Frame-W,2002-07-01T00:00:00Z,2003-06-30T00:00:00Z,NA,Road Frames
418,"ML Road Frame-W - Yellow, 38",360.9428,TRUE,Yellow,594.83,38,R,356.898,M,W,ML Road Frame-W,2003-07-01T00:00:00Z,NA,Current,Road Frames
429,"ML Road Frame-W - Yellow, 40",300.1188,TRUE,Yellow,540.7545,40,R,324.4527,M,W,ML Road Frame-W,2002-07-01T00:00:00Z,2003-06-30T00:00:00Z,NA,Road Frames
430,"ML Road Frame-W - Yellow, 40",360.9428,TRUE,Yellow,594.83,40,R,356.898,M,W,ML Road Frame-W,2003-07-01T00:00:00Z,NA,Current,Road Frames
431,"ML Road Frame-W - Yellow, 42",300.1188,TRUE,Yellow,540.7545,42,R,324.4527,M,W,ML Road Frame-W,2002-07-01T00:00:00Z,2003-06-30T00:00:00Z,NA,Road Frames
432,"ML Road Frame-W - Yellow, 42",360.9428,TRUE,Yellow,594.83,42,R,356.898,M,W,ML Road Frame-W,2003-07-01T00:00:00Z,NA,Current,Road Frames
433,"ML Road Frame-W - Yellow, 44",300.1188,TRUE,Yellow,540.7545,44,R,324.4527,M,W,ML Road Frame-W,2002-07-01T00:00:00Z,2003-06-30T00:00:00Z,NA,Road Frames
434,"ML Road Frame-W - Yellow, 44",360.9428,TRUE,Yellow,594.83,44,R,356.898,M,W,ML Road Frame-W,2003-07-01T00:00:00Z,NA,Current,Road Frames
435,"ML Road Frame-W - Yellow, 48",300.1188,TRUE,Yellow,540.7545,48,R,324.4527,M,W,ML Road Frame-W,2002-07-01T00:00:00Z,2003-06-30T00:00:00Z,NA,Road Frames
436,"ML Road Frame-W - Yellow, 48",360.9428,TRUE,Yellow,594.83,48,R,356.898,M,W,ML Road Frame-W,2003-07-01T00:00:00Z,NA,Current,Road Frames
344,"Mountain-100 Silver, 38",1912.1544,TRUE,Silver,3399.99,38,M,2039.994,H,U,Mountain-100,2001-07-01T00:00:00Z,2002-06-30T00:00:00Z,NA,Mountain Bikes
345,"Mountain-100 Silver, 42",1912.1544,TRUE,Silver,3399.99,42,M,2039.994,H,U,Mountain-100,2001-07-01T00:00:00Z,2002-06-30T00:00:00Z,NA,Mountain Bikes
346,"Mountain-100 Silver, 44",1912.1544,TRUE,Silver,3399.99,44,M,2039.994,H,U,Mountain-100,2001-07-01T00:00:00Z,2002-06-30T00:00:00Z,NA,Mountain Bikes
347,"Mountain-100 Silver, 48",1912.1544,TRUE,Silver,3399.99,48,M,2039.994,H,U,Mountain-100,2001-07-01T00:00:00Z,2002-06-30T00:00:00Z,NA,Mountain Bikes
352,"Mountain-200 Silver, 38",1117.8559,TRUE,Silver,2071.4196,38,M,1242.8518,H,U,Mountain-200,2002-07-01T00:00:00Z,2003-06-30T00:00:00Z,NA,Mountain Bikes
353,"Mountain-200 Silver, 38",1265.6195,TRUE,Silver,2319.99,38,M,1391.994,H,U,Mountain-200,2003-07-01T00:00:00Z,NA,Current,Mountain Bikes
354,"Mountain-200 Silver, 42",1117.8559,TRUE,Silver,2071.4196,42,M,1242.8518,H,U,Mountain-200,2002-07-01T00:00:00Z,2003-06-30T00:00:00Z,NA,Mountain Bikes
355,"Mountain-200 Silver, 42",1265.6195,TRUE,Silver,2319.99,42,M,1391.994,H,U,Mountain-200,2003-07-01T00:00:00Z,NA,Current,Mountain Bikes
356,"Mountain-200 Silver, 46",1117.8559,TRUE,Silver,2071.4196,46,M,1242.8518,H,U,Mountain-200,2002-07-01T00:00:00Z,2003-06-30T00:00:00Z,NA,Mountain Bikes
357,"Mountain-200 Silver, 46",1265.6195,TRUE,Silver,2319.99,46,M,1391.994,H,U,Mountain-200,2003-07-01T00:00:00Z,NA,Current,Mountain Bikes
591,"Mountain-500 Silver, 40",308.2179,TRUE,Silver,564.99,40,M,338.994,L,U,Mountain-500,2003-07-01T00:00:00Z,NA,Current,Mountain Bikes
592,"Mountain-500 Silver, 42",308.2179,TRUE,Silver,564.99,42,M,338.994,L,U,Mountain-500,2003-07-01T00:00:00Z,NA,Current,Mountain Bikes
593,"Mountain-500 Silver, 44",308.2179,TRUE,Silver,564.99,44,M,338.994,L,U,Mountain-500,2003-07-01T00:00:00Z,NA,Current,Mountain Bikes
594,"Mountain-500 Silver, 48",308.2179,TRUE,Silver,564.99,48,M,338.994,L,U,Mountain-500,2003-07-01T00:00:00Z,NA,Current,Mountain Bikes
595,"Mountain-500 Silver, 52",308.2179,TRUE,Silver,564.99,52,M,338.994,L,U,Mountain-500,2003-07-01T00:00:00Z,NA,Current,Mountain Bikes
310,"Road-150 Red, 62",2171.2942,TRUE,Red,3578.27,62,R,2146.962,H,U,Road-150,2001-07-01T00:00:00Z,2002-06-30T00:00:00Z,NA,Road Bikes
311,"Road-150 Red, 44",2171.2942,TRUE,Red,3578.27,44,R,2146.962,H,U,Road-150,2001-07-01T00:00:00Z,2002-06-30T00:00:00Z,NA,Road Bikes
312,"Road-150 Red, 48",2171.2942,TRUE,Red,3578.27,48,R,2146.962,H,U,Road-150,2001-07-01T00:00:00Z,2002-06-30T00:00:00Z,NA,Road Bikes
313,"Road-150 Red, 52",2171.2942,TRUE,Red,3578.27,52,R,2146.962,H,U,Road-150,2001-07-01T00:00:00Z,2002-06-30T00:00:00Z,NA,Road Bikes
314,"Road-150 Red, 56",2171.2942,TRUE,Red,3578.27,56,R,2146.962,H,U,Road-150,2001-07-01T00:00:00Z,2002-06-30T00:00:00Z,NA,Road Bikes
315,"Road-450 Red, 58",884.7083,TRUE,Red,1457.99,58,R,874.794,M,U,Road-450,2001-07-01T00:00:00Z,2002-06-30T00:00:00Z,NA,Road Bikes
316,"Road-450 Red, 60",884.7083,TRUE,Red,1457.99,60,R,874.794,M,U,Road-450,2001-07-01T00:00:00Z,2002-06-30T00:00:00Z,NA,Road Bikes
317,"Road-450 Red, 44",884.7083,TRUE,Red,1457.99,44,R,874.794,M,U,Road-450,2001-07-01T00:00:00Z,2002-06-30T00:00:00Z,NA,Road Bikes
318,"Road-450 Red, 48",884.7083,TRUE,Red,1457.99,48,R,874.794,M,U,Road-450,2001-07-01T00:00:00Z,2002-06-30T00:00:00Z,NA,Road Bikes
319,"Road-450 Red, 52",884.7083,TRUE,Red,1457.99,52,R,874.794,M,U,Road-450,2001-07-01T00:00:00Z,2002-06-30T00:00:00Z,NA,Road Bikes
320,"Road-650 Red, 58",413.1463,TRUE,Red,699.0982,58,R,419.4589,L,U,Road-650,2001-07-01T00:00:00Z,2002-06-30T00:00:00Z,NA,Road Bikes
321,"Road-650 Red, 58",486.7066,TRUE,Red,782.99,58,R,469.794,L,U,Road-650,2002-07-01T00:00:00Z,2003-06-30T00:00:00Z,NA,Road Bikes
322,"Road-650 Red, 60",413.1463,TRUE,Red,699.0982,60,R,419.4589,L,U,Road-650,2001-07-01T00:00:00Z,2002-06-30T00:00:00Z,NA,Road Bikes
323,"Road-650 Red, 60",486.7066,TRUE,Red,782.99,60,R,469.794,L,U,Road-650,2002-07-01T00:00:00Z,2003-06-30T00:00:00Z,NA,Road Bikes
324,"Road-650 Red, 62",413.1463,TRUE,Red,699.0982,62,R,419.4589,L,U,Road-650,2001-07-01T00:00:00Z,2002-06-30T00:00:00Z,NA,Road Bikes
325,"Road-650 Red, 62",486.7066,TRUE,Red,782.99,62,R,469.794,L,U,Road-650,2002-07-01T00:00:00Z,2003-06-30T00:00:00Z,NA,Road Bikes
326,"Road-650 Red, 44",413.1463,TRUE,Red,699.0982,44,R,419.4589,L,U,Road-650,2001-07-01T00:00:00Z,2002-06-30T00:00:00Z,NA,Road Bikes
327,"Road-650 Red, 44",486.7066,TRUE,Red,782.99,44,R,469.794,L,U,Road-650,2002-07-01T00:00:00Z,2003-06-30T00:00:00Z,NA,Road Bikes
328,"Road-650 Red, 48",413.1463,TRUE,Red,699.0982,48,R,419.4589,L,U,Road-650,2001-07-01T00:00:00Z,2002-06-30T00:00:00Z,NA,Road Bikes
329,"Road-650 Red, 48",486.7066,TRUE,Red,782.99,48,R,469.794,L,U,Road-650,2002-07-01T00:00:00Z,2003-06-30T00:00:00Z,NA,Road Bikes
330,"Road-650 Red, 52",413.1463,TRUE,Red,699.0982,52,R,419.4589,L,U,Road-650,2001-07-01T00:00:00Z,2002-06-30T00:00:00Z,NA,Road Bikes
331,"Road-650 Red, 52",486.7066,TRUE,Red,782.99,52,R,469.794,L,U,Road-650,2002-07-01T00:00:00Z,2003-06-30T00:00:00Z,NA,Road Bikes
368,"Road-250 Red, 44",1518.7864,TRUE,Red,2443.35,44,R,1466.01,H,U,Road-250,2002-07-01T00:00:00Z,2003-06-30T00:00:00Z,NA,Road Bikes
369,"Road-250 Red, 48",1518.7864,TRUE,Red,2443.35,48,R,1466.01,H,U,Road-250,2002-07-01T00:00:00Z,2003-06-30T00:00:00Z,NA,Road Bikes
370,"Road-250 Red, 52",1518.7864,TRUE,Red,2443.35,52,R,1466.01,H,U,Road-250,2002-07-01T00:00:00Z,2003-06-30T00:00:00Z,NA,Road Bikes
371,"Road-250 Red, 58",1320.6838,TRUE,Red,2181.5625,58,R,1308.9375,H,U,Road-250,2002-07-01T00:00:00Z,2003-06-30T00:00:00Z,NA,Road Bikes
372,"Road-250 Red, 58",1554.9479,TRUE,Red,2443.35,58,R,1466.01,H,U,Road-250,2003-07-01T00:00:00Z,NA,Current,Road Bikes
560,"Touring-2000 Blue, 60",755.1508,TRUE,Blue,1214.85,60,T,728.91,M,U,Touring-2000,2003-07-01T00:00:00Z,NA,Current,Touring Bikes
561,"Touring-1000 Yellow, 46",1481.9379,TRUE,Yellow,2384.07,46,T,1430.442,H,U,Touring-1000,2003-07-01T00:00:00Z,NA,Current,Touring Bikes
562,"Touring-1000 Yellow, 50",1481.9379,TRUE,Yellow,2384.07,50,T,1430.442,H,U,Touring-1000,2003-07-01T00:00:00Z,NA,Current,Touring Bikes
563,"Touring-1000 Yellow, 54",1481.9379,TRUE,Yellow,2384.07,54,T,1430.442,H,U,Touring-1000,2003-07-01T00:00:00Z,NA,Current,Touring Bikes
564,"Touring-1000 Yellow, 60",1481.9379,TRUE,Yellow,2384.07,60,T,1430.442,H,U,Touring-1000,2003-07-01T00:00:00Z,NA,Current,Touring Bikes
565,"Touring-3000 Blue, 54",461.4448,TRUE,Blue,742.35,54,T,445.41,L,U,Touring-3000,2003-07-01T00:00:00Z,NA,Current,Touring Bikes
566,"Touring-3000 Blue, 58",461.4448,TRUE,Blue,742.35,58,T,445.41,L,U,Touring-3000,2003-07-01T00:00:00Z,NA,Current,Touring Bikes
567,"Touring-3000 Blue, 62",461.4448,TRUE,Blue,742.35,62,T,445.41,L,U,Touring-3000,2003-07-01T00:00:00Z,NA,Current,Touring Bikes
568,"Touring-3000 Yellow, 44",461.4448,TRUE,Yellow,742.35,44,T,445.41,L,U,Touring-3000,2003-07-01T00:00:00Z,NA,Current,Touring Bikes
569,"Touring-3000 Yellow, 50",461.4448,TRUE,Yellow,742.35,50,T,445.41,L,U,Touring-3000,2003-07-01T00:00:00Z,NA,Current,Touring Bikes
570,"Touring-3000 Yellow, 54",461.4448,TRUE,Yellow,742.35,54,T,445.41,L,U,Touring-3000,2003-07-01T00:00:00Z,NA,Current,Touring Bikes
571,"Touring-3000 Yellow, 58",461.4448,TRUE,Yellow,742.35,58,T,445.41,L,U,Touring-3000,2003-07-01T00:00:00Z,NA,Current,Touring Bikes
572,"Touring-3000 Yellow, 62",461.4448,TRUE,Yellow,742.35,62,T,445.41,L,U,Touring-3000,2003-07-01T00:00:00Z,NA,Current,Touring Bikes
573,"Touring-1000 Blue, 46",1481.9379,TRUE,Blue,2384.07,46,T,1430.442,H,U,Touring-1000,2003-07-01T00:00:00Z,NA,Current,Touring Bikes
574,"Touring-1000 Blue, 50",1481.9379,TRUE,Blue,2384.07,50,T,1430.442,H,U,Touring-1000,2003-07-01T00:00:00Z,NA,Current,Touring Bikes
575,"Touring-1000 Blue, 54",1481.9379,TRUE,Blue,2384.07,54,T,1430.442,H,U,Touring-1000,2003-07-01T00:00:00Z,NA,Current,Touring Bikes
576,"Touring-1000 Blue, 60",1481.9379,TRUE,Blue,2384.07,60,T,1430.442,H,U,Touring-1000,2003-07-01T00:00:00Z,NA,Current,Touring Bikes
577,"Touring-2000 Blue, 46",755.1508,TRUE,Blue,1214.85,46,T,728.91,M,U,Touring-2000,2003-07-01T00:00:00Z,NA,Current,Touring Bikes
578,"Touring-2000 Blue, 50",755.1508,TRUE,Blue,1214.85,50,T,728.91,M,U,Touring-2000,2003-07-01T00:00:00Z,NA,Current,Touring Bikes
579,"Touring-2000 Blue, 54",755.1508,TRUE,Blue,1214.85,54,T,728.91,M,U,Touring-2000,2003-07-01T00:00:00Z,NA,Current,Touring Bikes
585,"Touring-3000 Blue, 44",461.4448,TRUE,Blue,742.35,44,T,445.41,L,U,Touring-3000,2003-07-01T00:00:00Z,NA,Current,Touring Bikes
586,"Touring-3000 Blue, 50",461.4448,TRUE,Blue,742.35,50,T,445.41,L,U,Touring-3000,2003-07-01T00:00:00Z,NA,Current,Touring Bikes
288,"HL Mountain Frame - Silver, 42",623.8403,TRUE,Silver,1204.3248,42,M,722.5949,H,U,HL Mountain Frame,2001-07-01T00:00:00Z,2002-06-30T00:00:00Z,NA,Mountain Frames
289,"HL Mountain Frame - Silver, 42",660.9142,TRUE,Silver,1240.4545,42,M,744.2727,H,U,HL Mountain Frame,2002-07-01T00:00:00Z,2003-06-30T00:00:00Z,NA,Mountain Frames
290,"HL Mountain Frame - Silver, 42",747.2002,TRUE,Silver,1364.5,42,M,818.7,H,U,HL Mountain Frame,2003-07-01T00:00:00Z,NA,Current,Mountain Frames
291,"HL Mountain Frame - Silver, 44",706.811,TRUE,Silver,1364.5,44,M,818.7,H,U,HL Mountain Frame,2001-07-01T00:00:00Z,2002-06-30T00:00:00Z,NA,Mountain Frames
292,"HL Mountain Frame - Silver, 48",706.811,TRUE,Silver,1364.5,48,M,818.7,H,U,HL Mountain Frame,2001-07-01T00:00:00Z,2002-06-30T00:00:00Z,NA,Mountain Frames
293,"HL Mountain Frame - Silver, 46",623.8403,TRUE,Silver,1204.3248,46,M,722.5949,H,U,HL Mountain Frame,2001-07-01T00:00:00Z,2002-06-30T00:00:00Z,NA,Mountain Frames
294,"HL Mountain Frame - Silver, 46",660.9142,TRUE,Silver,1240.4545,46,M,744.2727,H,U,HL Mountain Frame,2002-07-01T00:00:00Z,2003-06-30T00:00:00Z,NA,Mountain Frames
295,"HL Mountain Frame - Silver, 46",747.2002,TRUE,Silver,1364.5,46,M,818.7,H,U,HL Mountain Frame,2003-07-01T00:00:00Z,NA,Current,Mountain Frames
307,"HL Mountain Frame - Silver, 38",623.8403,TRUE,Silver,1204.3248,38,M,722.5949,H,U,HL Mountain Frame,2001-07-01T00:00:00Z,2002-06-30T00:00:00Z,NA,Mountain Frames
308,"HL Mountain Frame - Silver, 38",660.9142,TRUE,Silver,1240.4545,38,M,744.2727,H,U,HL Mountain Frame,2002-07-01T00:00:00Z,2003-06-30T00:00:00Z,NA,Mountain Frames
309,"HL Mountain Frame - Silver, 38",747.2002,TRUE,Silver,1364.5,38,M,818.7,H,U,HL Mountain Frame,2003-07-01T00:00:00Z,NA,Current,Mountain Frames
524,"LL Mountain Frame - Silver, 42",144.5938,TRUE,Silver,264.05,42,M,158.43,L,U,LL Mountain Frame,2003-07-01T00:00:00Z,NA,Current,Mountain Frames
525,"LL Mountain Frame - Silver, 44",144.5938,TRUE,Silver,264.05,44,M,158.43,L,U,LL Mountain Frame,2003-07-01T00:00:00Z,NA,Current,Mountain Frames
526,"LL Mountain Frame - Silver, 48",144.5938,TRUE,Silver,264.05,48,M,158.43,L,U,LL Mountain Frame,2003-07-01T00:00:00Z,NA,Current,Mountain Frames
527,"LL Mountain Frame - Silver, 52",144.5938,TRUE,Silver,264.05,52,M,158.43,L,U,LL Mountain Frame,2003-07-01T00:00:00Z,NA,Current,Mountain Frames
551,"LL Mountain Frame - Silver, 40",144.5938,TRUE,Silver,264.05,40,M,158.43,L,U,LL Mountain Frame,2003-07-01T00:00:00Z,NA,Current,Mountain Frames
211,"HL Road Frame - Red, 58",NA,TRUE,Red,NA,58,R,NA,H,U,HL Road Frame,1998-06-01T00:00:00Z,NA,Current,Road Frames
238,"HL Road Frame - Red, 62",747.9682,TRUE,Red,1263.4598,62,R,758.0759,H,U,HL Road Frame,2001-07-01T00:00:00Z,2002-06-30T00:00:00Z,NA,Road Frames
239,"HL Road Frame - Red, 62",722.2568,TRUE,Red,1301.3636,62,R,780.8182,H,U,HL Road Frame,2002-07-01T00:00:00Z,2003-06-30T00:00:00Z,NA,Road Frames
240,"HL Road Frame - Red, 62",868.6342,TRUE,Red,1431.5,62,R,858.9,H,U,HL Road Frame,2003-07-01T00:00:00Z,NA,Current,Road Frames
241,"HL Road Frame - Red, 44",747.9682,TRUE,Red,1263.4598,44,R,758.0759,H,U,HL Road Frame,2001-07-01T00:00:00Z,2002-06-30T00:00:00Z,NA,Road Frames
242,"HL Road Frame - Red, 44",722.2568,TRUE,Red,1301.3636,44,R,780.8182,H,U,HL Road Frame,2002-07-01T00:00:00Z,2003-06-30T00:00:00Z,NA,Road Frames
243,"HL Road Frame - Red, 44",868.6342,TRUE,Red,1431.5,44,R,858.9,H,U,HL Road Frame,2003-07-01T00:00:00Z,NA,Current,Road Frames
244,"HL Road Frame - Red, 48",747.9682,TRUE,Red,1263.4598,48,R,758.0759,H,U,HL Road Frame,2001-07-01T00:00:00Z,2002-06-30T00:00:00Z,NA,Road Frames
245,"HL Road Frame - Red, 48",722.2568,TRUE,Red,1301.3636,48,R,780.8182,H,U,HL Road Frame,2002-07-01T00:00:00Z,2003-06-30T00:00:00Z,NA,Road Frames
246,"HL Road Frame - Red, 48",868.6342,TRUE,Red,1431.5,48,R,858.9,H,U,HL Road Frame,2003-07-01T00:00:00Z,NA,Current,Road Frames
247,"HL Road Frame - Red, 52",747.9682,TRUE,Red,1263.4598,52,R,758.0759,H,U,HL Road Frame,2001-07-01T00:00:00Z,2002-06-30T00:00:00Z,NA,Road Frames
248,"HL Road Frame - Red, 52",722.2568,TRUE,Red,1301.3636,52,R,780.8182,H,U,HL Road Frame,2002-07-01T00:00:00Z,2003-06-30T00:00:00Z,NA,Road Frames
249,"HL Road Frame - Red, 52",868.6342,TRUE,Red,1431.5,52,R,858.9,H,U,HL Road Frame,2003-07-01T00:00:00Z,NA,Current,Road Frames
250,"HL Road Frame - Red, 56",747.9682,TRUE,Red,1263.4598,56,R,758.0759,H,U,HL Road Frame,2001-07-01T00:00:00Z,2002-06-30T00:00:00Z,NA,Road Frames
251,"HL Road Frame - Red, 56",722.2568,TRUE,Red,1301.3636,56,R,780.8182,H,U,HL Road Frame,2002-07-01T00:00:00Z,2003-06-30T00:00:00Z,NA,Road Frames
252,"HL Road Frame - Red, 56",868.6342,TRUE,Red,1431.5,56,R,858.9,H,U,HL Road Frame,2003-07-01T00:00:00Z,NA,Current,Road Frames
262,"LL Road Frame - Red, 44",181.4857,TRUE,Red,306.5636,44,R,183.9382,L,U,LL Road Frame,2001-07-01T00:00:00Z,2002-06-30T00:00:00Z,NA,Road Frames
263,"LL Road Frame - Red, 44",187.1571,TRUE,Red,337.22,44,R,202.332,L,U,LL Road Frame,2002-07-01T00:00:00Z,2003-06-30T00:00:00Z,NA,Road Frames
264,"LL Road Frame - Red, 48",181.4857,TRUE,Red,306.5636,48,R,183.9382,L,U,LL Road Frame,2001-07-01T00:00:00Z,2002-06-30T00:00:00Z,NA,Road Frames
265,"LL Road Frame - Red, 48",187.1571,TRUE,Red,337.22,48,R,202.332,L,U,LL Road Frame,2002-07-01T00:00:00Z,2003-06-30T00:00:00Z,NA,Road Frames
266,"LL Road Frame - Red, 52",181.4857,TRUE,Red,306.5636,52,R,183.9382,L,U,LL Road Frame,2001-07-01T00:00:00Z,2002-06-30T00:00:00Z,NA,Road Frames
267,"LL Road Frame - Red, 52",187.1571,TRUE,Red,337.22,52,R,202.332,L,U,LL Road Frame,2002-07-01T00:00:00Z,2003-06-30T00:00:00Z,NA,Road Frames
268,"LL Road Frame - Red, 58",181.4857,TRUE,Red,306.5636,58,R,183.9382,L,U,LL Road Frame,2001-07-01T00:00:00Z,2002-06-30T00:00:00Z,NA,Road Frames
269,"LL Road Frame - Red, 58",187.1571,TRUE,Red,337.22,58,R,202.332,L,U,LL Road Frame,2002-07-01T00:00:00Z,2003-06-30T00:00:00Z,NA,Road Frames
270,"LL Road Frame - Red, 60",181.4857,TRUE,Red,306.5636,60,R,183.9382,L,U,LL Road Frame,2001-07-01T00:00:00Z,2002-06-30T00:00:00Z,NA,Road Frames
271,"LL Road Frame - Red, 60",187.1571,TRUE,Red,337.22,60,R,202.332,L,U,LL Road Frame,2002-07-01T00:00:00Z,2003-06-30T00:00:00Z,NA,Road Frames
272,"LL Road Frame - Red, 62",181.4857,TRUE,Red,306.5636,62,R,183.9382,L,U,LL Road Frame,2001-07-01T00:00:00Z,2002-06-30T00:00:00Z,NA,Road Frames
273,"LL Road Frame - Red, 62",187.1571,TRUE,Red,337.22,62,R,202.332,L,U,LL Road Frame,2002-07-01T00:00:00Z,2003-06-30T00:00:00Z,NA,Road Frames
274,"ML Road Frame - Red, 44",352.1394,TRUE,Red,594.83,44,R,356.898,M,U,ML Road Frame,2001-07-01T00:00:00Z,2002-06-30T00:00:00Z,NA,Road Frames
275,"ML Road Frame - Red, 48",352.1394,TRUE,Red,594.83,48,R,356.898,M,U,ML Road Frame,2001-07-01T00:00:00Z,2002-06-30T00:00:00Z,NA,Road Frames
276,"ML Road Frame - Red, 52",352.1394,TRUE,Red,594.83,52,R,356.898,M,U,ML Road Frame,2001-07-01T00:00:00Z,2002-06-30T00:00:00Z,NA,Road Frames
277,"ML Road Frame - Red, 58",352.1394,TRUE,Red,594.83,58,R,356.898,M,U,ML Road Frame,2001-07-01T00:00:00Z,2002-06-30T00:00:00Z,NA,Road Frames
278,"ML Road Frame - Red, 60",352.1394,TRUE,Red,594.83,60,R,356.898,M,U,ML Road Frame,2001-07-01T00:00:00Z,2002-06-30T00:00:00Z,NA,Road Frames
492,"HL Touring Frame - Yellow, 60",601.7437,TRUE,Yellow,1003.91,60,T,602.346,H,U,HL Touring Frame,2003-07-01T00:00:00Z,NA,Current,Touring Frames
493,"LL Touring Frame - Yellow, 62",199.8519,TRUE,Yellow,333.42,62,T,200.052,L,U,LL Touring Frame,2003-07-01T00:00:00Z,NA,Current,Touring Frames
494,"HL Touring Frame - Yellow, 46",601.7437,TRUE,Yellow,1003.91,46,T,602.346,H,U,HL Touring Frame,2003-07-01T00:00:00Z,NA,Current,Touring Frames
495,"HL Touring Frame - Yellow, 50",601.7437,TRUE,Yellow,1003.91,50,T,602.346,H,U,HL Touring Frame,2003-07-01T00:00:00Z,NA,Current,Touring Frames
496,"HL Touring Frame - Yellow, 54",601.7437,TRUE,Yellow,1003.91,54,T,602.346,H,U,HL Touring Frame,2003-07-01T00:00:00Z,NA,Current,Touring Frames
497,"HL Touring Frame - Blue, 46",601.7437,TRUE,Blue,1003.91,46,T,602.346,H,U,HL Touring Frame,2003-07-01T00:00:00Z,NA,Current,Touring Frames
498,"HL Touring Frame - Blue, 50",601.7437,TRUE,Blue,1003.91,50,T,602.346,H,U,HL Touring Frame,2003-07-01T00:00:00Z,NA,Current,Touring Frames
499,"HL Touring Frame - Blue, 54",601.7437,TRUE,Blue,1003.91,54,T,602.346,H,U,HL Touring Frame,2003-07-01T00:00:00Z,NA,Current,Touring Frames
500,"HL Touring Frame - Blue, 60",601.7437,TRUE,Blue,1003.91,60,T,602.346,H,U,HL Touring Frame,2003-07-01T00:00:00Z,NA,Current,Touring Frames
502,"LL Touring Frame - Blue, 50",199.8519,TRUE,Blue,333.42,50,T,200.052,L,U,LL Touring Frame,2003-07-01T00:00:00Z,NA,Current,Touring Frames
503,"LL Touring Frame - Blue, 54",199.8519,TRUE,Blue,333.42,54,T,200.052,L,U,LL Touring Frame,2003-07-01T00:00:00Z,NA,Current,Touring Frames
504,"LL Touring Frame - Blue, 58",199.8519,TRUE,Blue,333.42,58,T,200.052,L,U,LL Touring Frame,2003-07-01T00:00:00Z,NA,Current,Touring Frames
505,"LL Touring Frame - Blue, 62",199.8519,TRUE,Blue,333.42,62,T,200.052,L,U,LL Touring Frame,2003-07-01T00:00:00Z,NA,Current,Touring Frames
506,"LL Touring Frame - Yellow, 44",199.8519,TRUE,Yellow,333.42,44,T,200.052,L,U,LL Touring Frame,2003-07-01T00:00:00Z,NA,Current,Touring Frames
507,"LL Touring Frame - Yellow, 50",199.8519,TRUE,Yellow,333.42,50,T,200.052,L,U,LL Touring Frame,2003-07-01T00:00:00Z,NA,Current,Touring Frames
508,"LL Touring Frame - Yellow, 54",199.8519,TRUE,Yellow,333.42,54,T,200.052,L,U,LL Touring Frame,2003-07-01T00:00:00Z,NA,Current,Touring Frames
509,"LL Touring Frame - Yellow, 58",199.8519,TRUE,Yellow,333.42,58,T,200.052,L,U,LL Touring Frame,2003-07-01T00:00:00Z,NA,Current,Touring Frames
510,"LL Touring Frame - Blue, 44",199.8519,TRUE,Blue,333.42,44,T,200.052,L,U,LL Touring Frame,2003-07-01T00:00:00Z,NA,Current,Touring Frames
348,"Mountain-100 Black, 38",1898.0944,TRUE,Black,3374.99,38,M,2024.994,H,U,Mountain-100,2001-07-01T00:00:00Z,2002-06-30T00:00:00Z,NA,Mountain Bikes
349,"Mountain-100 Black, 42",1898.0944,TRUE,Black,3374.99,42,M,2024.994,H,U,Mountain-100,2001-07-01T00:00:00Z,2002-06-30T00:00:00Z,NA,Mountain Bikes
350,"Mountain-100 Black, 44",1898.0944,TRUE,Black,3374.99,44,M,2024.994,H,U,Mountain-100,2001-07-01T00:00:00Z,2002-06-30T00:00:00Z,NA,Mountain Bikes
351,"Mountain-100 Black, 48",1898.0944,TRUE,Black,3374.99,48,M,2024.994,H,U,Mountain-100,2001-07-01T00:00:00Z,2002-06-30T00:00:00Z,NA,Mountain Bikes
358,"Mountain-200 Black, 38",1105.81,TRUE,Black,2049.0982,38,M,1229.4589,H,U,Mountain-200,2002-07-01T00:00:00Z,2003-06-30T00:00:00Z,NA,Mountain Bikes
359,"Mountain-200 Black, 38",1251.9813,TRUE,Black,2294.99,38,M,1376.994,H,U,Mountain-200,2003-07-01T00:00:00Z,NA,Current,Mountain Bikes
360,"Mountain-200 Black, 42",1105.81,TRUE,Black,2049.0982,42,M,1229.4589,H,U,Mountain-200,2002-07-01T00:00:00Z,2003-06-30T00:00:00Z,NA,Mountain Bikes
361,"Mountain-200 Black, 42",1251.9813,TRUE,Black,2294.99,42,M,1376.994,H,U,Mountain-200,2003-07-01T00:00:00Z,NA,Current,Mountain Bikes
362,"Mountain-200 Black, 46",1105.81,TRUE,Black,2049.0982,46,M,1229.4589,H,U,Mountain-200,2002-07-01T00:00:00Z,2003-06-30T00:00:00Z,NA,Mountain Bikes
363,"Mountain-200 Black, 46",1251.9813,TRUE,Black,2294.99,46,M,1376.994,H,U,Mountain-200,2003-07-01T00:00:00Z,NA,Current,Mountain Bikes
364,"Mountain-300 Black, 38",598.4354,TRUE,Black,1079.99,38,M,647.994,M,U,Mountain-300,2002-07-01T00:00:00Z,2003-06-30T00:00:00Z,NA,Mountain Bikes
365,"Mountain-300 Black, 40",598.4354,TRUE,Black,1079.99,40,M,647.994,M,U,Mountain-300,2002-07-01T00:00:00Z,2003-06-30T00:00:00Z,NA,Mountain Bikes
366,"Mountain-300 Black, 44",598.4354,TRUE,Black,1079.99,44,M,647.994,M,U,Mountain-300,2002-07-01T00:00:00Z,2003-06-30T00:00:00Z,NA,Mountain Bikes
367,"Mountain-300 Black, 48",598.4354,TRUE,Black,1079.99,48,M,647.994,M,U,Mountain-300,2002-07-01T00:00:00Z,2003-06-30T00:00:00Z,NA,Mountain Bikes
596,"Mountain-500 Black, 40",294.5797,TRUE,Black,539.99,40,M,323.994,L,U,Mountain-500,2003-07-01T00:00:00Z,NA,Current,Mountain Bikes
597,"Mountain-500 Black, 42",294.5797,TRUE,Black,539.99,42,M,323.994,L,U,Mountain-500,2003-07-01T00:00:00Z,NA,Current,Mountain Bikes
598,"Mountain-500 Black, 44",294.5797,TRUE,Black,539.99,44,M,323.994,L,U,Mountain-500,2003-07-01T00:00:00Z,NA,Current,Mountain Bikes
599,"Mountain-500 Black, 48",294.5797,TRUE,Black,539.99,48,M,323.994,L,U,Mountain-500,2003-07-01T00:00:00Z,NA,Current,Mountain Bikes
600,"Mountain-500 Black, 52",294.5797,TRUE,Black,539.99,52,M,323.994,L,U,Mountain-500,2003-07-01T00:00:00Z,NA,Current,Mountain Bikes
332,"Road-650 Black, 58",413.1463,TRUE,Black,699.0982,58,R,419.4589,L,U,Road-650,2001-07-01T00:00:00Z,2002-06-30T00:00:00Z,NA,Road Bikes
333,"Road-650 Black, 58",486.7066,TRUE,Black,782.99,58,R,469.794,L,U,Road-650,2002-07-01T00:00:00Z,2003-06-30T00:00:00Z,NA,Road Bikes
334,"Road-650 Black, 60",413.1463,TRUE,Black,699.0982,60,R,419.4589,L,U,Road-650,2001-07-01T00:00:00Z,2002-06-30T00:00:00Z,NA,Road Bikes
335,"Road-650 Black, 60",486.7066,TRUE,Black,782.99,60,R,469.794,L,U,Road-650,2002-07-01T00:00:00Z,2003-06-30T00:00:00Z,NA,Road Bikes
336,"Road-650 Black, 62",413.1463,TRUE,Black,699.0982,62,R,419.4589,L,U,Road-650,2001-07-01T00:00:00Z,2002-06-30T00:00:00Z,NA,Road Bikes
337,"Road-650 Black, 62",486.7066,TRUE,Black,782.99,62,R,469.794,L,U,Road-650,2002-07-01T00:00:00Z,2003-06-30T00:00:00Z,NA,Road Bikes
338,"Road-650 Black, 44",413.1463,TRUE,Black,699.0982,44,R,419.4589,L,U,Road-650,2001-07-01T00:00:00Z,2002-06-30T00:00:00Z,NA,Road Bikes
339,"Road-650 Black, 44",486.7066,TRUE,Black,782.99,44,R,469.794,L,U,Road-650,2002-07-01T00:00:00Z,2003-06-30T00:00:00Z,NA,Road Bikes
340,"Road-650 Black, 48",413.1463,TRUE,Black,699.0982,48,R,419.4589,L,U,Road-650,2001-07-01T00:00:00Z,2002-06-30T00:00:00Z,NA,Road Bikes
341,"Road-650 Black, 48",486.7066,TRUE,Black,782.99,48,R,469.794,L,U,Road-650,2002-07-01T00:00:00Z,2003-06-30T00:00:00Z,NA,Road Bikes
342,"Road-650 Black, 52",413.1463,TRUE,Black,699.0982,52,R,419.4589,L,U,Road-650,2001-07-01T00:00:00Z,2002-06-30T00:00:00Z,NA,Road Bikes
343,"Road-650 Black, 52",486.7066,TRUE,Black,782.99,52,R,469.794,L,U,Road-650,2002-07-01T00:00:00Z,2003-06-30T00:00:00Z,NA,Road Bikes
373,"Road-250 Black, 44",1320.6838,TRUE,Black,2181.5625,44,R,1308.9375,H,U,Road-250,2002-07-01T00:00:00Z,2003-06-30T00:00:00Z,NA,Road Bikes
374,"Road-250 Black, 44",1554.9479,TRUE,Black,2443.35,44,R,1466.01,H,U,Road-250,2003-07-01T00:00:00Z,NA,Current,Road Bikes
375,"Road-250 Black, 48",1320.6838,TRUE,Black,2181.5625,48,R,1308.9375,H,U,Road-250,2002-07-01T00:00:00Z,2003-06-30T00:00:00Z,NA,Road Bikes
376,"Road-250 Black, 48",1554.9479,TRUE,Black,2443.35,48,R,1466.01,H,U,Road-250,2003-07-01T00:00:00Z,NA,Current,Road Bikes
377,"Road-250 Black, 52",1320.6838,TRUE,Black,2181.5625,52,R,1308.9375,H,U,Road-250,2002-07-01T00:00:00Z,2003-06-30T00:00:00Z,NA,Road Bikes
378,"Road-250 Black, 52",1554.9479,TRUE,Black,2443.35,52,R,1466.01,H,U,Road-250,2003-07-01T00:00:00Z,NA,Current,Road Bikes
379,"Road-250 Black, 58",1320.6838,TRUE,Black,2181.5625,58,R,1308.9375,H,U,Road-250,2002-07-01T00:00:00Z,2003-06-30T00:00:00Z,NA,Road Bikes
380,"Road-250 Black, 58",1554.9479,TRUE,Black,2443.35,58,R,1466.01,H,U,Road-250,2003-07-01T00:00:00Z,NA,Current,Road Bikes
584,"Road-750 Black, 58",343.6496,TRUE,Black,539.99,58,R,323.994,L,U,Road-750,2003-07-01T00:00:00Z,NA,Current,Road Bikes
604,"Road-750 Black, 44",343.6496,TRUE,Black,539.99,44,R,323.994,L,U,Road-750,2003-07-01T00:00:00Z,NA,Current,Road Bikes
605,"Road-750 Black, 48",343.6496,TRUE,Black,539.99,48,R,323.994,L,U,Road-750,2003-07-01T00:00:00Z,NA,Current,Road Bikes
606,"Road-750 Black, 52",343.6496,TRUE,Black,539.99,52,R,323.994,L,U,Road-750,2003-07-01T00:00:00Z,NA,Current,Road Bikes
296,"HL Mountain Frame - Black, 42",617.0281,TRUE,Black,1191.1739,42,M,714.7043,H,U,HL Mountain Frame,2001-07-01T00:00:00Z,2002-06-30T00:00:00Z,NA,Mountain Frames
297,"HL Mountain Frame - Black, 42",653.6971,TRUE,Black,1226.9091,42,M,736.1455,H,U,HL Mountain Frame,2002-07-01T00:00:00Z,2003-06-30T00:00:00Z,NA,Mountain Frames
298,"HL Mountain Frame - Black, 42",739.041,TRUE,Black,1349.6,42,M,809.76,H,U,HL Mountain Frame,2003-07-01T00:00:00Z,NA,Current,Mountain Frames
299,"HL Mountain Frame - Black, 44",699.0928,TRUE,Black,1349.6,44,M,809.76,H,U,HL Mountain Frame,2001-07-01T00:00:00Z,2002-06-30T00:00:00Z,NA,Mountain Frames
300,"HL Mountain Frame - Black, 48",699.0928,TRUE,Black,1349.6,48,M,809.76,H,U,HL Mountain Frame,2001-07-01T00:00:00Z,2002-06-30T00:00:00Z,NA,Mountain Frames
301,"HL Mountain Frame - Black, 46",617.0281,TRUE,Black,1191.1739,46,M,714.7043,H,U,HL Mountain Frame,2001-07-01T00:00:00Z,2002-06-30T00:00:00Z,NA,Mountain Frames
302,"HL Mountain Frame - Black, 46",653.6971,TRUE,Black,1226.9091,46,M,736.1455,H,U,HL Mountain Frame,2002-07-01T00:00:00Z,2003-06-30T00:00:00Z,NA,Mountain Frames
303,"HL Mountain Frame - Black, 46",739.041,TRUE,Black,1349.6,46,M,809.76,H,U,HL Mountain Frame,2003-07-01T00:00:00Z,NA,Current,Mountain Frames
304,"HL Mountain Frame - Black, 38",617.0281,TRUE,Black,1191.1739,38,M,714.7043,H,U,HL Mountain Frame,2001-07-01T00:00:00Z,2002-06-30T00:00:00Z,NA,Mountain Frames
305,"HL Mountain Frame - Black, 38",653.6971,TRUE,Black,1226.9091,38,M,736.1455,H,U,HL Mountain Frame,2002-07-01T00:00:00Z,2003-06-30T00:00:00Z,NA,Mountain Frames
306,"HL Mountain Frame - Black, 38",739.041,TRUE,Black,1349.6,38,M,809.76,H,U,HL Mountain Frame,2003-07-01T00:00:00Z,NA,Current,Mountain Frames
409,"ML Mountain Frame - Black, 38",185.8193,TRUE,Black,348.76,38,M,209.256,M,U,ML Mountain Frame-W,2002-07-01T00:00:00Z,2003-06-30T00:00:00Z,NA,Mountain Frames
426,"ML Mountain Frame - Black, 40",185.8193,TRUE,Black,348.76,40,M,209.256,M,U,ML Mountain Frame,2002-07-01T00:00:00Z,2003-06-30T00:00:00Z,NA,Mountain Frames
427,"ML Mountain Frame - Black, 44",185.8193,TRUE,Black,348.76,44,M,209.256,M,U,ML Mountain Frame,2002-07-01T00:00:00Z,2003-06-30T00:00:00Z,NA,Mountain Frames
428,"ML Mountain Frame - Black, 48",185.8193,TRUE,Black,348.76,48,M,209.256,M,U,ML Mountain Frame,2002-07-01T00:00:00Z,2003-06-30T00:00:00Z,NA,Mountain Frames
531,"LL Mountain Frame - Black, 42",136.785,TRUE,Black,249.79,42,M,149.874,L,U,LL Mountain Frame,2003-07-01T00:00:00Z,NA,Current,Mountain Frames
532,"LL Mountain Frame - Black, 44",136.785,TRUE,Black,249.79,44,M,149.874,L,U,LL Mountain Frame,2003-07-01T00:00:00Z,NA,Current,Mountain Frames
533,"LL Mountain Frame - Black, 48",136.785,TRUE,Black,249.79,48,M,149.874,L,U,LL Mountain Frame,2003-07-01T00:00:00Z,NA,Current,Mountain Frames
534,"LL Mountain Frame - Black, 52",136.785,TRUE,Black,249.79,52,M,149.874,L,U,LL Mountain Frame,2003-07-01T00:00:00Z,NA,Current,Mountain Frames
550,"LL Mountain Frame - Black, 40",136.785,TRUE,Black,249.79,40,M,149.874,L,U,LL Mountain Frame,2003-07-01T00:00:00Z,NA,Current,Mountain Frames
210,"HL Road Frame - Black, 58",NA,TRUE,Black,NA,58,R,NA,H,U,HL Road Frame,1998-06-01T00:00:00Z,NA,Current,Road Frames
253,"LL Road Frame - Black, 58",176.1997,TRUE,Black,297.6346,58,R,178.5808,L,U,LL Road Frame,2001-07-01T00:00:00Z,2002-06-30T00:00:00Z,NA,Road Frames
254,"LL Road Frame - Black, 58",170.1428,TRUE,Black,306.5636,58,R,183.9382,L,U,LL Road Frame,2002-07-01T00:00:00Z,2003-06-30T00:00:00Z,NA,Road Frames
255,"LL Road Frame - Black, 58",204.6251,TRUE,Black,337.22,58,R,202.332,L,U,LL Road Frame,2003-07-01T00:00:00Z,NA,Current,Road Frames
256,"LL Road Frame - Black, 60",176.1997,TRUE,Black,297.6346,60,R,178.5808,L,U,LL Road Frame,2001-07-01T00:00:00Z,2002-06-30T00:00:00Z,NA,Road Frames
257,"LL Road Frame - Black, 60",170.1428,TRUE,Black,306.5636,60,R,183.9382,L,U,LL Road Frame,2002-07-01T00:00:00Z,2003-06-30T00:00:00Z,NA,Road Frames
258,"LL Road Frame - Black, 60",204.6251,TRUE,Black,337.22,60,R,202.332,L,U,LL Road Frame,2003-07-01T00:00:00Z,NA,Current,Road Frames
259,"LL Road Frame - Black, 62",176.1997,TRUE,Black,297.6346,62,R,178.5808,L,U,LL Road Frame,2001-07-01T00:00:00Z,2002-06-30T00:00:00Z,NA,Road Frames
260,"LL Road Frame - Black, 62",170.1428,TRUE,Black,306.5636,62,R,183.9382,L,U,LL Road Frame,2002-07-01T00:00:00Z,2003-06-30T00:00:00Z,NA,Road Frames
261,"LL Road Frame - Black, 62",204.6251,TRUE,Black,337.22,62,R,202.332,L,U,LL Road Frame,2003-07-01T00:00:00Z,NA,Current,Road Frames
279,"LL Road Frame - Black, 44",176.1997,TRUE,Black,297.6346,44,R,178.5808,L,U,LL Road Frame,2001-07-01T00:00:00Z,2002-06-30T00:00:00Z,NA,Road Frames
280,"LL Road Frame - Black, 44",170.1428,TRUE,Black,306.5636,44,R,183.9382,L,U,LL Road Frame,2002-07-01T00:00:00Z,2003-06-30T00:00:00Z,NA,Road Frames
281,"LL Road Frame - Black, 44",204.6251,TRUE,Black,337.22,44,R,202.332,L,U,LL Road Frame,2003-07-01T00:00:00Z,NA,Current,Road Frames
282,"LL Road Frame - Black, 48",176.1997,TRUE,Black,297.6346,48,R,178.5808,L,U,LL Road Frame,2001-07-01T00:00:00Z,2002-06-30T00:00:00Z,NA,Road Frames
283,"LL Road Frame - Black, 48",170.1428,TRUE,Black,306.5636,48,R,183.9382,L,U,LL Road Frame,2002-07-01T00:00:00Z,2003-06-30T00:00:00Z,NA,Road Frames
284,"LL Road Frame - Black, 48",204.6251,TRUE,Black,337.22,48,R,202.332,L,U,LL Road Frame,2003-07-01T00:00:00Z,NA,Current,Road Frames
285,"LL Road Frame - Black, 52",176.1997,TRUE,Black,297.6346,52,R,178.5808,L,U,LL Road Frame,2001-07-01T00:00:00Z,2002-06-30T00:00:00Z,NA,Road Frames
286,"LL Road Frame - Black, 52",170.1428,TRUE,Black,306.5636,52,R,183.9382,L,U,LL Road Frame,2002-07-01T00:00:00Z,2003-06-30T00:00:00Z,NA,Road Frames
287,"LL Road Frame - Black, 52",204.6251,TRUE,Black,337.22,52,R,202.332,L,U,LL Road Frame,2003-07-01T00:00:00Z,NA,Current,Road Frames
437,"HL Road Frame - Black, 62",722.2568,TRUE,Black,1301.3636,62,R,780.8182,H,U,HL Road Frame,2002-07-01T00:00:00Z,2003-06-30T00:00:00Z,NA,Road Frames
438,"HL Road Frame - Black, 62",868.6342,TRUE,Black,1431.5,62,R,858.9,H,U,HL Road Frame,2003-07-01T00:00:00Z,NA,Current,Road Frames
439,"HL Road Frame - Black, 44",722.2568,TRUE,Black,1301.3636,44,R,780.8182,H,U,HL Road Frame,2002-07-01T00:00:00Z,2003-06-30T00:00:00Z,NA,Road Frames
440,"HL Road Frame - Black, 44",868.6342,TRUE,Black,1431.5,44,R,858.9,H,U,HL Road Frame,2003-07-01T00:00:00Z,NA,Current,Road Frames
441,"HL Road Frame - Black, 48",722.2568,TRUE,Black,1301.3636,48,R,780.8182,H,U,HL Road Frame,2002-07-01T00:00:00Z,2003-06-30T00:00:00Z,NA,Road Frames
442,"HL Road Frame - Black, 48",868.6342,TRUE,Black,1431.5,48,R,858.9,H,U,HL Road Frame,2003-07-01T00:00:00Z,NA,Current,Road Frames
443,"HL Road Frame - Black, 52",722.2568,TRUE,Black,1301.3636,52,R,780.8182,H,U,HL Road Frame,2002-07-01T00:00:00Z,2003-06-30T00:00:00Z,NA,Road Frames
444,"HL Road Frame - Black, 52",868.6342,TRUE,Black,1431.5,52,R,858.9,H,U,HL Road Frame,2003-07-01T00:00:00Z,NA,Current,Road Frames
